hora,mensagem
09:00,"🔥 Organizador De Gaveta Divisórias com Tampa Antipoeira Para Peças Intimas/ Meias/ Calcinhas Multiuso
💰 R$ 21,99 (-73%)
⭐ Avaliação: 5.0

⏳ Pode acabar rápido

🔗 https://shope.ee/an_redir?origin_link=https%3A%2F%2Fshopee.com.br%2Fproduct%2F1551674624%2F22598852373"
10:00,"🔥 Colmeia organizadora de gaveta, guarda-roupas, 8 divisórias para peças íntimas, cuecas, meias.
💰 R$ 27,10 (-61%)
⭐ Avaliação: 4.8

⚡ Oferta relâmpago

🔗 https://shope.ee/an_redir?origin_link=https%3A%2F%2Fshopee.com.br%2Fproduct%2F439250690%2F58251097814"
11:00,"🔥 Kit 2 Organizador Porta Latas Geladeira Dispenser Acrilico Suporte Multiuso Armário Cozinha Dispensa
💰 R$ 24,86 (-70%)
⭐ Avaliação: 4.8

🔥 Desconto alto hoje

🔗 https://shope.ee/an_redir?origin_link=https%3A%2F%2Fshopee.com.br%2Fproduct%2F1314741757%2F23497670597"
12:00,"🔥 Kit 4 Suporte Gancho Para Pendurar Vassoura Rodo Utensílios
💰 R$ 20,99 (-72%)
⭐ Avaliação: 4.6

✅ Compra segura pela Shopee

🔗 https://shope.ee/an_redir?origin_link=https%3A%2F%2Fshopee.com.br%2Fproduct%2F409941475%2F23093880676"
13:00,"🔥 Kit Até 8 Caixa Organizador Roupas Íntimas Multiuso Guarda Roupa Camisetas Calças
💰 R$ 43,99 (-71%)
⭐ Avaliação: 5.0

🚚 Aproveita antes que suba

🔗 https://shope.ee/an_redir?origin_link=https%3A%2F%2Fshopee.com.br%2Fproduct%2F1373447050%2F22699165697"
14:00,"🔥 Escova Elétrica Sem Fio Para Limpeza Pesada Recarregável Limpador Multiuso Prático e Fácil - NL
💰 R$ 29,99 (-80%)
⭐ Avaliação: 4.9

🏷️ Cupom/Desconto aplicado automaticamente

🔗 https://shope.ee/an_redir?origin_link=https%3A%2F%2Fshopee.com.br%2Fproduct%2F1383442219%2F23093905401"
15:12,"🔥 15 PCS Ganchos De Parede Autocolantes Transparente Multifuncionais Promoções
💰 R$ 20,99 (-60%)
⭐ Avaliação: 4.7

💥 Vale conferir agora

🔗 https://shope.ee/an_redir?origin_link=https%3A%2F%2Fshopee.com.br%2Fproduct%2F521289385%2F23993598100"
16:24,"🔥 Kit Cabeceira de Cama Box Casal Estofada Modular AutoColante
💰 R$ 30,90 (-68%)
⭐ Avaliação: 4.8

📌 Se curtiu, salva pra ver depois

🔗 https://shope.ee/an_redir?origin_link=https%3A%2F%2Fshopee.com.br%2Fproduct%2F1004246779%2F23697707337"
17:36,"🔥 Escondido sob a mesa caixa de armazenamento de cabos bandeja de gerenciamento de cabos de PC braçadeira de cabo de fio
💰 R$ 71,99 (-82%)
⭐ Avaliação: 4.9

👀 Olha o preço!

🔗 https://shope.ee/an_redir?origin_link=https%3A%2F%2Fshopee.com.br%2Fproduct%2F1351906016%2F25638999263"
18:48,"🔥 KIT 2 Organizador de Peças íntimas Calcinhas Meias Lenço Pequenos Acessórios com Divisórias
💰 R$ 27,50 (-46%)
⭐ Avaliação: 4.9

🛒 Link direto Shopee

🔗 https://shope.ee/an_redir?origin_link=https%3A%2F%2Fshopee.com.br%2Fproduct%2F1392850246%2F22993984844"
20:00,"🔥 Kit 3 Rodapé 3D de 8cm x 2,30cm Autocolante Piso Em XPE Adesivo Impermeável
💰 R$ 35,99 (-50%)
⭐ Avaliação: 4.7

⏳ Pode acabar rápido

🔗 https://shope.ee/an_redir?origin_link=https%3A%2F%2Fshopee.com.br%2Fproduct%2F1287381202%2F23597913548"
20:42,"🔥 Kit Com 3 - Cesto Caixa Organizadora Rattan Com Tampa - 7 Litros - Preto
💰 R$ 38,90 (-51%)
⭐ Avaliação: 4.7

⚡ Oferta relâmpago

🔗 https://shope.ee/an_redir?origin_link=https%3A%2F%2Fshopee.com.br%2Fproduct%2F422797670%2F19798996987"
21:24,"🔥 Nicer Dicer Plus Cortador Fatiador Legumes Verduras Frutas Artigos para Cozinha
💰 R$ 32,90 (-54%)
⭐ Avaliação: 5.0

🔥 Desconto alto hoje

🔗 https://shope.ee/an_redir?origin_link=https%3A%2F%2Fshopee.com.br%2Fproduct%2F335240457%2F58251312306"
22:06,"🔥 Kit 4～10 Jogo Americano Redondo Jantar para Mesa Posta, Descanso de Prato
💰 R$ 23,88 (-73%)
⭐ Avaliação: 4.9

✅ Compra segura pela Shopee

🔗 https://shope.ee/an_redir?origin_link=https%3A%2F%2Fshopee.com.br%2Fproduct%2F1406964673%2F23794381904"
22:48,"🔥 Suporte Organizador Acrílico Cristal Para 7 Bonés com Divisórias Expositor de Vitrine Closet
💰 R$ 38,99 (-57%)
⭐ Avaliação: 4.9

🚚 Aproveita antes que suba

🔗 https://shope.ee/an_redir?origin_link=https%3A%2F%2Fshopee.com.br%2Fproduct%2F1630160240%2F23494426669"
